target_window_start,target_window_end,mean_target_absorbed_dose_rate,std_target_absorbed_dose_rate,target_window_num_rad_dose_obs_avail,class_label,input_sdoml_data_filepaths,num_input_sdoml_data_filepaths,input_window_start,input_window_end,input_window_num_rad_dose_obs_avail,radlab_data_filepath,sample_id,instrument_id
2018-05-01 06:00:00+00:00,2018-05-01 12:00:00+00:00,11.957708333333334,0.6252044920093773,6,1,[],0,2018-04-30 17:30:00+00:00,2018-05-01 05:30:00+00:00,6,/home/daisysong/2024-HL-Virtual-Dosimeter/data/radlab-private/data_tables/readings_table/per_instrument_padded/CRaTER-D1D2_readings_padded.csv,CRaTER-D1D2_2018-05-01 06:00:00+00:00_2018-05-01 12:00:00+00:00,CRaTER-D1D2
2018-05-01 12:00:00+00:00,2018-05-01 18:00:00+00:00,11.941250000000002,0.36004002478119645,6,1,[],0,2018-04-30 23:30:00+00:00,2018-05-01 11:30:00+00:00,12,/home/daisysong/2024-HL-Virtual-Dosimeter/data/radlab-private/data_tables/readings_table/per_instrument_padded/CRaTER-D1D2_readings_padded.csv,CRaTER-D1D2_2018-05-01 12:00:00+00:00_2018-05-01 18:00:00+00:00,CRaTER-D1D2
2018-05-01 18:00:00+00:00,2018-05-02 00:00:00+00:00,12.124444444444444,0.34955814260538765,6,1,[],0,2018-05-01 05:30:00+00:00,2018-05-01 17:30:00+00:00,12,/home/daisysong/2024-HL-Virtual-Dosimeter/data/radlab-private/data_tables/readings_table/per_instrument_padded/CRaTER-D1D2_readings_padded.csv,CRaTER-D1D2_2018-05-01 18:00:00+00:00_2018-05-02 00:00:00+00:00,CRaTER-D1D2
2018-05-02 00:00:00+00:00,2018-05-02 06:00:00+00:00,11.851805555555558,0.35649014539736124,6,1,[],0,2018-05-01 11:30:00+00:00,2018-05-01 23:30:00+00:00,12,/home/daisysong/2024-HL-Virtual-Dosimeter/data/radlab-private/data_tables/readings_table/per_instrument_padded/CRaTER-D1D2_readings_padded.csv,CRaTER-D1D2_2018-05-02 00:00:00+00:00_2018-05-02 06:00:00+00:00,CRaTER-D1D2
2018-05-02 06:00:00+00:00,2018-05-02 12:00:00+00:00,12.087361111111113,0.22850797592585026,6,1,[],0,2018-05-01 17:30:00+00:00,2018-05-02 05:30:00+00:00,12,/home/daisysong/2024-HL-Virtual-Dosimeter/data/radlab-private/data_tables/readings_table/per_instrument_padded/CRaTER-D1D2_readings_padded.csv,CRaTER-D1D2_2018-05-02 06:00:00+00:00_2018-05-02 12:00:00+00:00,CRaTER-D1D2
2018-05-02 12:00:00+00:00,2018-05-02 18:00:00+00:00,11.892430555555556,0.16217960163574374,6,1,[],0,2018-05-01 23:30:00+00:00,2018-05-02 11:30:00+00:00,12,/home/daisysong/2024-HL-Virtual-Dosimeter/data/radlab-private/data_tables/readings_table/per_instrument_padded/CRaTER-D1D2_readings_padded.csv,CRaTER-D1D2_2018-05-02 12:00:00+00:00_2018-05-02 18:00:00+00:00,CRaTER-D1D2
2018-05-02 18:00:00+00:00,2018-05-03 00:00:00+00:00,12.215555555555556,0.5886216473022712,6,1,[],0,2018-05-02 05:30:00+00:00,2018-05-02 17:30:00+00:00,12,/home/daisysong/2024-HL-Virtual-Dosimeter/data/radlab-private/data_tables/readings_table/per_instrument_padded/CRaTER-D1D2_readings_padded.csv,CRaTER-D1D2_2018-05-02 18:00:00+00:00_2018-05-03 00:00:00+00:00,CRaTER-D1D2
2018-05-03 00:00:00+00:00,2018-05-03 06:00:00+00:00,12.073819444444446,0.5246590833505925,6,1,[],0,2018-05-02 11:30:00+00:00,2018-05-02 23:30:00+00:00,12,/home/daisysong/2024-HL-Virtual-Dosimeter/data/radlab-private/data_tables/readings_table/per_instrument_padded/CRaTER-D1D2_readings_padded.csv,CRaTER-D1D2_2018-05-03 00:00:00+00:00_2018-05-03 06:00:00+00:00,CRaTER-D1D2
2018-05-03 06:00:00+00:00,2018-05-03 12:00:00+00:00,12.177222222222222,0.385267438577925,6,1,[],0,2018-05-02 17:30:00+00:00,2018-05-03 05:30:00+00:00,12,/home/daisysong/2024-HL-Virtual-Dosimeter/data/radlab-private/data_tables/readings_table/per_instrument_padded/CRaTER-D1D2_readings_padded.csv,CRaTER-D1D2_2018-05-03 06:00:00+00:00_2018-05-03 12:00:00+00:00,CRaTER-D1D2
2018-05-03 12:00:00+00:00,2018-05-03 18:00:00+00:00,12.077777777777778,0.41089922749297203,6,1,[],0,2018-05-02 23:30:00+00:00,2018-05-03 11:30:00+00:00,12,/home/daisysong/2024-HL-Virtual-Dosimeter/data/radlab-private/data_tables/readings_table/per_instrument_padded/CRaTER-D1D2_readings_padded.csv,CRaTER-D1D2_2018-05-03 12:00:00+00:00_2018-05-03 18:00:00+00:00,CRaTER-D1D2
2018-05-03 18:00:00+00:00,2018-05-04 00:00:00+00:00,12.203472222222222,0.26487261817338653,6,1,[],0,2018-05-03 05:30:00+00:00,2018-05-03 17:30:00+00:00,12,/home/daisysong/2024-HL-Virtual-Dosimeter/data/radlab-private/data_tables/readings_table/per_instrument_padded/CRaTER-D1D2_readings_padded.csv,CRaTER-D1D2_2018-05-03 18:00:00+00:00_2018-05-04 00:00:00+00:00,CRaTER-D1D2
2018-05-04 00:00:00+00:00,2018-05-04 06:00:00+00:00,12.022500000000003,0.27956687731004337,6,1,[],0,2018-05-03 11:30:00+00:00,2018-05-03 23:30:00+00:00,12,/home/daisysong/2024-HL-Virtual-Dosimeter/data/radlab-private/data_tables/readings_table/per_instrument_padded/CRaTER-D1D2_readings_padded.csv,CRaTER-D1D2_2018-05-04 00:00:00+00:00_2018-05-04 06:00:00+00:00,CRaTER-D1D2
2018-05-04 06:00:00+00:00,2018-05-04 12:00:00+00:00,11.972222222222221,0.5076043079876832,6,1,[],0,2018-05-03 17:30:00+00:00,2018-05-04 05:30:00+00:00,12,/home/daisysong/2024-HL-Virtual-Dosimeter/data/radlab-private/data_tables/readings_table/per_instrument_padded/CRaTER-D1D2_readings_padded.csv,CRaTER-D1D2_2018-05-04 06:00:00+00:00_2018-05-04 12:00:00+00:00,CRaTER-D1D2
2018-05-04 12:00:00+00:00,2018-05-04 18:00:00+00:00,12.257083333333332,0.3468378149905333,6,1,[],0,2018-05-03 23:30:00+00:00,2018-05-04 11:30:00+00:00,12,/home/daisysong/2024-HL-Virtual-Dosimeter/data/radlab-private/data_tables/readings_table/per_instrument_padded/CRaTER-D1D2_readings_padded.csv,CRaTER-D1D2_2018-05-04 12:00:00+00:00_2018-05-04 18:00:00+00:00,CRaTER-D1D2
2018-05-04 18:00:00+00:00,2018-05-05 00:00:00+00:00,12.217569444444445,0.3136330769912897,6,1,[],0,2018-05-04 05:30:00+00:00,2018-05-04 17:30:00+00:00,12,/home/daisysong/2024-HL-Virtual-Dosimeter/data/radlab-private/data_tables/readings_table/per_instrument_padded/CRaTER-D1D2_readings_padded.csv,CRaTER-D1D2_2018-05-04 18:00:00+00:00_2018-05-05 00:00:00+00:00,CRaTER-D1D2
2018-05-05 00:00:00+00:00,2018-05-05 06:00:00+00:00,12.41263888888889,0.2600315671126521,6,1,[],0,2018-05-04 11:30:00+00:00,2018-05-04 23:30:00+00:00,12,/home/daisysong/2024-HL-Virtual-Dosimeter/data/radlab-private/data_tables/readings_table/per_instrument_padded/CRaTER-D1D2_readings_padded.csv,CRaTER-D1D2_2018-05-05 00:00:00+00:00_2018-05-05 06:00:00+00:00,CRaTER-D1D2
2018-05-05 06:00:00+00:00,2018-05-05 12:00:00+00:00,12.579305555555557,0.3794830537946109,6,1,[],0,2018-05-04 17:30:00+00:00,2018-05-05 05:30:00+00:00,12,/home/daisysong/2024-HL-Virtual-Dosimeter/data/radlab-private/data_tables/readings_table/per_instrument_padded/CRaTER-D1D2_readings_padded.csv,CRaTER-D1D2_2018-05-05 06:00:00+00:00_2018-05-05 12:00:00+00:00,CRaTER-D1D2
2018-05-05 12:00:00+00:00,2018-05-05 18:00:00+00:00,12.30486111111111,0.4178185928644268,6,1,[],0,2018-05-04 23:30:00+00:00,2018-05-05 11:30:00+00:00,12,/home/daisysong/2024-HL-Virtual-Dosimeter/data/radlab-private/data_tables/readings_table/per_instrument_padded/CRaTER-D1D2_readings_padded.csv,CRaTER-D1D2_2018-05-05 12:00:00+00:00_2018-05-05 18:00:00+00:00,CRaTER-D1D2
2018-05-05 18:00:00+00:00,2018-05-06 00:00:00+00:00,12.209027777777777,0.2647870679584342,6,1,[],0,2018-05-05 05:30:00+00:00,2018-05-05 17:30:00+00:00,12,/home/daisysong/2024-HL-Virtual-Dosimeter/data/radlab-private/data_tables/readings_table/per_instrument_padded/CRaTER-D1D2_readings_padded.csv,CRaTER-D1D2_2018-05-05 18:00:00+00:00_2018-05-06 00:00:00+00:00,CRaTER-D1D2
2018-05-06 00:00:00+00:00,2018-05-06 06:00:00+00:00,12.267083333333334,0.3776566390744859,6,1,[],0,2018-05-05 11:30:00+00:00,2018-05-05 23:30:00+00:00,12,/home/daisysong/2024-HL-Virtual-Dosimeter/data/radlab-private/data_tables/readings_table/per_instrument_padded/CRaTER-D1D2_readings_padded.csv,CRaTER-D1D2_2018-05-06 00:00:00+00:00_2018-05-06 06:00:00+00:00,CRaTER-D1D2
2018-05-06 06:00:00+00:00,2018-05-06 12:00:00+00:00,12.213194444444445,0.5635521880649912,6,1,[],0,2018-05-05 17:30:00+00:00,2018-05-06 05:30:00+00:00,12,/home/daisysong/2024-HL-Virtual-Dosimeter/data/radlab-private/data_tables/readings_table/per_instrument_padded/CRaTER-D1D2_readings_padded.csv,CRaTER-D1D2_2018-05-06 06:00:00+00:00_2018-05-06 12:00:00+00:00,CRaTER-D1D2
2018-05-06 12:00:00+00:00,2018-05-06 18:00:00+00:00,12.335069444444445,0.4613326996439795,6,1,[],0,2018-05-05 23:30:00+00:00,2018-05-06 11:30:00+00:00,12,/home/daisysong/2024-HL-Virtual-Dosimeter/data/radlab-private/data_tables/readings_table/per_instrument_padded/CRaTER-D1D2_readings_padded.csv,CRaTER-D1D2_2018-05-06 12:00:00+00:00_2018-05-06 18:00:00+00:00,CRaTER-D1D2
2018-05-06 18:00:00+00:00,2018-05-07 00:00:00+00:00,11.858333333333334,0.2938967324620201,6,1,[],0,2018-05-06 05:30:00+00:00,2018-05-06 17:30:00+00:00,12,/home/daisysong/2024-HL-Virtual-Dosimeter/data/radlab-private/data_tables/readings_table/per_instrument_padded/CRaTER-D1D2_readings_padded.csv,CRaTER-D1D2_2018-05-06 18:00:00+00:00_2018-05-07 00:00:00+00:00,CRaTER-D1D2
2018-05-07 00:00:00+00:00,2018-05-07 06:00:00+00:00,11.816597222222223,0.3377262973036479,6,1,[],0,2018-05-06 11:30:00+00:00,2018-05-06 23:30:00+00:00,12,/home/daisysong/2024-HL-Virtual-Dosimeter/data/radlab-private/data_tables/readings_table/per_instrument_padded/CRaTER-D1D2_readings_padded.csv,CRaTER-D1D2_2018-05-07 00:00:00+00:00_2018-05-07 06:00:00+00:00,CRaTER-D1D2
2018-05-07 06:00:00+00:00,2018-05-07 12:00:00+00:00,12.071875,0.3919893580554244,6,1,[],0,2018-05-06 17:30:00+00:00,2018-05-07 05:30:00+00:00,12,/home/daisysong/2024-HL-Virtual-Dosimeter/data/radlab-private/data_tables/readings_table/per_instrument_padded/CRaTER-D1D2_readings_padded.csv,CRaTER-D1D2_2018-05-07 06:00:00+00:00_2018-05-07 12:00:00+00:00,CRaTER-D1D2
2018-05-07 12:00:00+00:00,2018-05-07 18:00:00+00:00,11.981666666666667,0.3477528722889086,6,1,[],0,2018-05-06 23:30:00+00:00,2018-05-07 11:30:00+00:00,12,/home/daisysong/2024-HL-Virtual-Dosimeter/data/radlab-private/data_tables/readings_table/per_instrument_padded/CRaTER-D1D2_readings_padded.csv,CRaTER-D1D2_2018-05-07 12:00:00+00:00_2018-05-07 18:00:00+00:00,CRaTER-D1D2
2018-05-07 18:00:00+00:00,2018-05-08 00:00:00+00:00,11.96888888888889,0.22870150602482855,6,1,[],0,2018-05-07 05:30:00+00:00,2018-05-07 17:30:00+00:00,12,/home/daisysong/2024-HL-Virtual-Dosimeter/data/radlab-private/data_tables/readings_table/per_instrument_padded/CRaTER-D1D2_readings_padded.csv,CRaTER-D1D2_2018-05-07 18:00:00+00:00_2018-05-08 00:00:00+00:00,CRaTER-D1D2
2018-05-08 00:00:00+00:00,2018-05-08 06:00:00+00:00,11.970555555555558,0.42515095812118087,6,1,[],0,2018-05-07 11:30:00+00:00,2018-05-07 23:30:00+00:00,12,/home/daisysong/2024-HL-Virtual-Dosimeter/data/radlab-private/data_tables/readings_table/per_instrument_padded/CRaTER-D1D2_readings_padded.csv,CRaTER-D1D2_2018-05-08 00:00:00+00:00_2018-05-08 06:00:00+00:00,CRaTER-D1D2
2018-05-08 06:00:00+00:00,2018-05-08 12:00:00+00:00,11.95986111111111,0.3144097816583784,6,1,[],0,2018-05-07 17:30:00+00:00,2018-05-08 05:30:00+00:00,12,/home/daisysong/2024-HL-Virtual-Dosimeter/data/radlab-private/data_tables/readings_table/per_instrument_padded/CRaTER-D1D2_readings_padded.csv,CRaTER-D1D2_2018-05-08 06:00:00+00:00_2018-05-08 12:00:00+00:00,CRaTER-D1D2
2018-05-08 12:00:00+00:00,2018-05-08 18:00:00+00:00,11.969444444444443,0.292338083020243,6,1,[],0,2018-05-07 23:30:00+00:00,2018-05-08 11:30:00+00:00,12,/home/daisysong/2024-HL-Virtual-Dosimeter/data/radlab-private/data_tables/readings_table/per_instrument_padded/CRaTER-D1D2_readings_padded.csv,CRaTER-D1D2_2018-05-08 12:00:00+00:00_2018-05-08 18:00:00+00:00,CRaTER-D1D2
2018-05-08 18:00:00+00:00,2018-05-09 00:00:00+00:00,11.621944444444445,0.4380928302678543,6,1,[],0,2018-05-08 05:30:00+00:00,2018-05-08 17:30:00+00:00,12,/home/daisysong/2024-HL-Virtual-Dosimeter/data/radlab-private/data_tables/readings_table/per_instrument_padded/CRaTER-D1D2_readings_padded.csv,CRaTER-D1D2_2018-05-08 18:00:00+00:00_2018-05-09 00:00:00+00:00,CRaTER-D1D2
2018-05-09 00:00:00+00:00,2018-05-09 06:00:00+00:00,11.687430555555556,0.3945054786993038,6,1,[],0,2018-05-08 11:30:00+00:00,2018-05-08 23:30:00+00:00,12,/home/daisysong/2024-HL-Virtual-Dosimeter/data/radlab-private/data_tables/readings_table/per_instrument_padded/CRaTER-D1D2_readings_padded.csv,CRaTER-D1D2_2018-05-09 00:00:00+00:00_2018-05-09 06:00:00+00:00,CRaTER-D1D2
2018-05-09 06:00:00+00:00,2018-05-09 12:00:00+00:00,11.948749999999999,0.22439398841554759,6,1,[],0,2018-05-08 17:30:00+00:00,2018-05-09 05:30:00+00:00,12,/home/daisysong/2024-HL-Virtual-Dosimeter/data/radlab-private/data_tables/readings_table/per_instrument_padded/CRaTER-D1D2_readings_padded.csv,CRaTER-D1D2_2018-05-09 06:00:00+00:00_2018-05-09 12:00:00+00:00,CRaTER-D1D2
2018-05-09 12:00:00+00:00,2018-05-09 18:00:00+00:00,11.896944444444445,0.5093685762300397,6,1,[],0,2018-05-08 23:30:00+00:00,2018-05-09 11:30:00+00:00,12,/home/daisysong/2024-HL-Virtual-Dosimeter/data/radlab-private/data_tables/readings_table/per_instrument_padded/CRaTER-D1D2_readings_padded.csv,CRaTER-D1D2_2018-05-09 12:00:00+00:00_2018-05-09 18:00:00+00:00,CRaTER-D1D2
2018-05-09 18:00:00+00:00,2018-05-10 00:00:00+00:00,11.825069444444447,0.4372404929208759,6,1,[],0,2018-05-09 05:30:00+00:00,2018-05-09 17:30:00+00:00,12,/home/daisysong/2024-HL-Virtual-Dosimeter/data/radlab-private/data_tables/readings_table/per_instrument_padded/CRaTER-D1D2_readings_padded.csv,CRaTER-D1D2_2018-05-09 18:00:00+00:00_2018-05-10 00:00:00+00:00,CRaTER-D1D2
2018-05-10 00:00:00+00:00,2018-05-10 06:00:00+00:00,11.889722222222224,0.49889511410369963,6,1,[],0,2018-05-09 11:30:00+00:00,2018-05-09 23:30:00+00:00,12,/home/daisysong/2024-HL-Virtual-Dosimeter/data/radlab-private/data_tables/readings_table/per_instrument_padded/CRaTER-D1D2_readings_padded.csv,CRaTER-D1D2_2018-05-10 00:00:00+00:00_2018-05-10 06:00:00+00:00,CRaTER-D1D2
2018-05-10 06:00:00+00:00,2018-05-10 12:00:00+00:00,11.807291666666664,0.3237321915236476,6,1,[],0,2018-05-09 17:30:00+00:00,2018-05-10 05:30:00+00:00,12,/home/daisysong/2024-HL-Virtual-Dosimeter/data/radlab-private/data_tables/readings_table/per_instrument_padded/CRaTER-D1D2_readings_padded.csv,CRaTER-D1D2_2018-05-10 06:00:00+00:00_2018-05-10 12:00:00+00:00,CRaTER-D1D2
2018-05-10 12:00:00+00:00,2018-05-10 18:00:00+00:00,12.038333333333334,0.21874391525928957,6,1,[],0,2018-05-09 23:30:00+00:00,2018-05-10 11:30:00+00:00,12,/home/daisysong/2024-HL-Virtual-Dosimeter/data/radlab-private/data_tables/readings_table/per_instrument_padded/CRaTER-D1D2_readings_padded.csv,CRaTER-D1D2_2018-05-10 12:00:00+00:00_2018-05-10 18:00:00+00:00,CRaTER-D1D2
2018-05-10 18:00:00+00:00,2018-05-11 00:00:00+00:00,12.129861111111111,0.32600997508975793,6,1,[],0,2018-05-10 05:30:00+00:00,2018-05-10 17:30:00+00:00,12,/home/daisysong/2024-HL-Virtual-Dosimeter/data/radlab-private/data_tables/readings_table/per_instrument_padded/CRaTER-D1D2_readings_padded.csv,CRaTER-D1D2_2018-05-10 18:00:00+00:00_2018-05-11 00:00:00+00:00,CRaTER-D1D2
2018-05-11 00:00:00+00:00,2018-05-11 06:00:00+00:00,12.012986111111111,0.2505501373675072,6,1,[],0,2018-05-10 11:30:00+00:00,2018-05-10 23:30:00+00:00,12,/home/daisysong/2024-HL-Virtual-Dosimeter/data/radlab-private/data_tables/readings_table/per_instrument_padded/CRaTER-D1D2_readings_padded.csv,CRaTER-D1D2_2018-05-11 00:00:00+00:00_2018-05-11 06:00:00+00:00,CRaTER-D1D2
2018-05-11 06:00:00+00:00,2018-05-11 12:00:00+00:00,12.179166666666667,0.5843601577635842,6,1,[],0,2018-05-10 17:30:00+00:00,2018-05-11 05:30:00+00:00,12,/home/daisysong/2024-HL-Virtual-Dosimeter/data/radlab-private/data_tables/readings_table/per_instrument_padded/CRaTER-D1D2_readings_padded.csv,CRaTER-D1D2_2018-05-11 06:00:00+00:00_2018-05-11 12:00:00+00:00,CRaTER-D1D2
2018-05-11 12:00:00+00:00,2018-05-11 18:00:00+00:00,11.987222222222222,0.35148985703539926,6,1,[],0,2018-05-10 23:30:00+00:00,2018-05-11 11:30:00+00:00,12,/home/daisysong/2024-HL-Virtual-Dosimeter/data/radlab-private/data_tables/readings_table/per_instrument_padded/CRaTER-D1D2_readings_padded.csv,CRaTER-D1D2_2018-05-11 12:00:00+00:00_2018-05-11 18:00:00+00:00,CRaTER-D1D2
2018-05-11 18:00:00+00:00,2018-05-12 00:00:00+00:00,12.279236111111112,0.2743508137769261,6,1,[],0,2018-05-11 05:30:00+00:00,2018-05-11 17:30:00+00:00,12,/home/daisysong/2024-HL-Virtual-Dosimeter/data/radlab-private/data_tables/readings_table/per_instrument_padded/CRaTER-D1D2_readings_padded.csv,CRaTER-D1D2_2018-05-11 18:00:00+00:00_2018-05-12 00:00:00+00:00,CRaTER-D1D2
2018-05-12 00:00:00+00:00,2018-05-12 06:00:00+00:00,11.656875000000001,0.41284096107764984,6,1,[],0,2018-05-11 11:30:00+00:00,2018-05-11 23:30:00+00:00,12,/home/daisysong/2024-HL-Virtual-Dosimeter/data/radlab-private/data_tables/readings_table/per_instrument_padded/CRaTER-D1D2_readings_padded.csv,CRaTER-D1D2_2018-05-12 00:00:00+00:00_2018-05-12 06:00:00+00:00,CRaTER-D1D2
2018-05-12 06:00:00+00:00,2018-05-12 12:00:00+00:00,12.064583333333331,0.46700898902840615,6,1,[],0,2018-05-11 17:30:00+00:00,2018-05-12 05:30:00+00:00,12,/home/daisysong/2024-HL-Virtual-Dosimeter/data/radlab-private/data_tables/readings_table/per_instrument_padded/CRaTER-D1D2_readings_padded.csv,CRaTER-D1D2_2018-05-12 06:00:00+00:00_2018-05-12 12:00:00+00:00,CRaTER-D1D2
2018-05-12 12:00:00+00:00,2018-05-12 18:00:00+00:00,11.823680555555555,0.38105986581490875,6,1,[],0,2018-05-11 23:30:00+00:00,2018-05-12 11:30:00+00:00,12,/home/daisysong/2024-HL-Virtual-Dosimeter/data/radlab-private/data_tables/readings_table/per_instrument_padded/CRaTER-D1D2_readings_padded.csv,CRaTER-D1D2_2018-05-12 12:00:00+00:00_2018-05-12 18:00:00+00:00,CRaTER-D1D2
2018-05-12 18:00:00+00:00,2018-05-13 00:00:00+00:00,11.880625,0.325549459852394,6,1,[],0,2018-05-12 05:30:00+00:00,2018-05-12 17:30:00+00:00,12,/home/daisysong/2024-HL-Virtual-Dosimeter/data/radlab-private/data_tables/readings_table/per_instrument_padded/CRaTER-D1D2_readings_padded.csv,CRaTER-D1D2_2018-05-12 18:00:00+00:00_2018-05-13 00:00:00+00:00,CRaTER-D1D2
2018-05-13 00:00:00+00:00,2018-05-13 06:00:00+00:00,12.060833333333335,0.43206592164639446,6,1,[],0,2018-05-12 11:30:00+00:00,2018-05-12 23:30:00+00:00,12,/home/daisysong/2024-HL-Virtual-Dosimeter/data/radlab-private/data_tables/readings_table/per_instrument_padded/CRaTER-D1D2_readings_padded.csv,CRaTER-D1D2_2018-05-13 00:00:00+00:00_2018-05-13 06:00:00+00:00,CRaTER-D1D2
2018-05-13 06:00:00+00:00,2018-05-13 12:00:00+00:00,12.135208333333333,0.31466957519106536,6,1,[],0,2018-05-12 17:30:00+00:00,2018-05-13 05:30:00+00:00,12,/home/daisysong/2024-HL-Virtual-Dosimeter/data/radlab-private/data_tables/readings_table/per_instrument_padded/CRaTER-D1D2_readings_padded.csv,CRaTER-D1D2_2018-05-13 06:00:00+00:00_2018-05-13 12:00:00+00:00,CRaTER-D1D2
2018-05-13 12:00:00+00:00,2018-05-13 18:00:00+00:00,12.406527777777777,0.38968965176324405,6,1,[],0,2018-05-12 23:30:00+00:00,2018-05-13 11:30:00+00:00,12,/home/daisysong/2024-HL-Virtual-Dosimeter/data/radlab-private/data_tables/readings_table/per_instrument_padded/CRaTER-D1D2_readings_padded.csv,CRaTER-D1D2_2018-05-13 12:00:00+00:00_2018-05-13 18:00:00+00:00,CRaTER-D1D2
2018-05-13 18:00:00+00:00,2018-05-14 00:00:00+00:00,12.117083333333335,0.22385976513086145,6,1,[],0,2018-05-13 05:30:00+00:00,2018-05-13 17:30:00+00:00,12,/home/daisysong/2024-HL-Virtual-Dosimeter/data/radlab-private/data_tables/readings_table/per_instrument_padded/CRaTER-D1D2_readings_padded.csv,CRaTER-D1D2_2018-05-13 18:00:00+00:00_2018-05-14 00:00:00+00:00,CRaTER-D1D2
2018-05-14 00:00:00+00:00,2018-05-14 06:00:00+00:00,12.249513888888892,0.3354693209763871,6,1,[],0,2018-05-13 11:30:00+00:00,2018-05-13 23:30:00+00:00,12,/home/daisysong/2024-HL-Virtual-Dosimeter/data/radlab-private/data_tables/readings_table/per_instrument_padded/CRaTER-D1D2_readings_padded.csv,CRaTER-D1D2_2018-05-14 00:00:00+00:00_2018-05-14 06:00:00+00:00,CRaTER-D1D2
2018-05-14 06:00:00+00:00,2018-05-14 12:00:00+00:00,12.149305555555557,0.5043717825788121,6,1,[],0,2018-05-13 17:30:00+00:00,2018-05-14 05:30:00+00:00,12,/home/daisysong/2024-HL-Virtual-Dosimeter/data/radlab-private/data_tables/readings_table/per_instrument_padded/CRaTER-D1D2_readings_padded.csv,CRaTER-D1D2_2018-05-14 06:00:00+00:00_2018-05-14 12:00:00+00:00,CRaTER-D1D2
2018-05-14 12:00:00+00:00,2018-05-14 18:00:00+00:00,12.211319444444444,0.21582145729159777,6,1,[],0,2018-05-13 23:30:00+00:00,2018-05-14 11:30:00+00:00,12,/home/daisysong/2024-HL-Virtual-Dosimeter/data/radlab-private/data_tables/readings_table/per_instrument_padded/CRaTER-D1D2_readings_padded.csv,CRaTER-D1D2_2018-05-14 12:00:00+00:00_2018-05-14 18:00:00+00:00,CRaTER-D1D2
2018-05-14 18:00:00+00:00,2018-05-15 00:00:00+00:00,12.405000000000001,0.2968374001530636,6,1,[],0,2018-05-14 05:30:00+00:00,2018-05-14 17:30:00+00:00,12,/home/daisysong/2024-HL-Virtual-Dosimeter/data/radlab-private/data_tables/readings_table/per_instrument_padded/CRaTER-D1D2_readings_padded.csv,CRaTER-D1D2_2018-05-14 18:00:00+00:00_2018-05-15 00:00:00+00:00,CRaTER-D1D2
2018-05-15 00:00:00+00:00,2018-05-15 06:00:00+00:00,12.371180555555556,0.5775890492043657,6,1,[],0,2018-05-14 11:30:00+00:00,2018-05-14 23:30:00+00:00,12,/home/daisysong/2024-HL-Virtual-Dosimeter/data/radlab-private/data_tables/readings_table/per_instrument_padded/CRaTER-D1D2_readings_padded.csv,CRaTER-D1D2_2018-05-15 00:00:00+00:00_2018-05-15 06:00:00+00:00,CRaTER-D1D2
2018-05-15 06:00:00+00:00,2018-05-15 12:00:00+00:00,12.358611111111111,0.6074174358363654,6,1,[],0,2018-05-14 17:30:00+00:00,2018-05-15 05:30:00+00:00,12,/home/daisysong/2024-HL-Virtual-Dosimeter/data/radlab-private/data_tables/readings_table/per_instrument_padded/CRaTER-D1D2_readings_padded.csv,CRaTER-D1D2_2018-05-15 06:00:00+00:00_2018-05-15 12:00:00+00:00,CRaTER-D1D2
2018-05-15 12:00:00+00:00,2018-05-15 18:00:00+00:00,12.291319444444447,0.6387501547739666,6,1,[],0,2018-05-14 23:30:00+00:00,2018-05-15 11:30:00+00:00,12,/home/daisysong/2024-HL-Virtual-Dosimeter/data/radlab-private/data_tables/readings_table/per_instrument_padded/CRaTER-D1D2_readings_padded.csv,CRaTER-D1D2_2018-05-15 12:00:00+00:00_2018-05-15 18:00:00+00:00,CRaTER-D1D2
2018-05-15 18:00:00+00:00,2018-05-16 00:00:00+00:00,12.573958333333335,0.3537356650347722,6,1,[],0,2018-05-15 05:30:00+00:00,2018-05-15 17:30:00+00:00,12,/home/daisysong/2024-HL-Virtual-Dosimeter/data/radlab-private/data_tables/readings_table/per_instrument_padded/CRaTER-D1D2_readings_padded.csv,CRaTER-D1D2_2018-05-15 18:00:00+00:00_2018-05-16 00:00:00+00:00,CRaTER-D1D2
2018-05-16 00:00:00+00:00,2018-05-16 06:00:00+00:00,12.403611111111111,0.2510552574314072,6,1,[],0,2018-05-15 11:30:00+00:00,2018-05-15 23:30:00+00:00,12,/home/daisysong/2024-HL-Virtual-Dosimeter/data/radlab-private/data_tables/readings_table/per_instrument_padded/CRaTER-D1D2_readings_padded.csv,CRaTER-D1D2_2018-05-16 00:00:00+00:00_2018-05-16 06:00:00+00:00,CRaTER-D1D2
2018-05-16 06:00:00+00:00,2018-05-16 12:00:00+00:00,12.01548611111111,0.2680020186174439,6,1,[],0,2018-05-15 17:30:00+00:00,2018-05-16 05:30:00+00:00,12,/home/daisysong/2024-HL-Virtual-Dosimeter/data/radlab-private/data_tables/readings_table/per_instrument_padded/CRaTER-D1D2_readings_padded.csv,CRaTER-D1D2_2018-05-16 06:00:00+00:00_2018-05-16 12:00:00+00:00,CRaTER-D1D2
2018-05-16 12:00:00+00:00,2018-05-16 18:00:00+00:00,12.466875000000002,0.523358310068344,6,1,[],0,2018-05-15 23:30:00+00:00,2018-05-16 11:30:00+00:00,12,/home/daisysong/2024-HL-Virtual-Dosimeter/data/radlab-private/data_tables/readings_table/per_instrument_padded/CRaTER-D1D2_readings_padded.csv,CRaTER-D1D2_2018-05-16 12:00:00+00:00_2018-05-16 18:00:00+00:00,CRaTER-D1D2
2018-05-16 18:00:00+00:00,2018-05-17 00:00:00+00:00,12.782499999999999,0.41358401336501227,6,1,[],0,2018-05-16 05:30:00+00:00,2018-05-16 17:30:00+00:00,12,/home/daisysong/2024-HL-Virtual-Dosimeter/data/radlab-private/data_tables/readings_table/per_instrument_padded/CRaTER-D1D2_readings_padded.csv,CRaTER-D1D2_2018-05-16 18:00:00+00:00_2018-05-17 00:00:00+00:00,CRaTER-D1D2
2018-05-17 00:00:00+00:00,2018-05-17 06:00:00+00:00,12.593819444444444,0.5617790862120506,6,1,[],0,2018-05-16 11:30:00+00:00,2018-05-16 23:30:00+00:00,12,/home/daisysong/2024-HL-Virtual-Dosimeter/data/radlab-private/data_tables/readings_table/per_instrument_padded/CRaTER-D1D2_readings_padded.csv,CRaTER-D1D2_2018-05-17 00:00:00+00:00_2018-05-17 06:00:00+00:00,CRaTER-D1D2
2018-05-17 06:00:00+00:00,2018-05-17 12:00:00+00:00,12.166180555555556,0.3343420861843989,6,1,[],0,2018-05-16 17:30:00+00:00,2018-05-17 05:30:00+00:00,12,/home/daisysong/2024-HL-Virtual-Dosimeter/data/radlab-private/data_tables/readings_table/per_instrument_padded/CRaTER-D1D2_readings_padded.csv,CRaTER-D1D2_2018-05-17 06:00:00+00:00_2018-05-17 12:00:00+00:00,CRaTER-D1D2
2018-05-17 12:00:00+00:00,2018-05-17 18:00:00+00:00,11.830277777777779,0.23533585961554448,6,1,[],0,2018-05-16 23:30:00+00:00,2018-05-17 11:30:00+00:00,12,/home/daisysong/2024-HL-Virtual-Dosimeter/data/radlab-private/data_tables/readings_table/per_instrument_padded/CRaTER-D1D2_readings_padded.csv,CRaTER-D1D2_2018-05-17 12:00:00+00:00_2018-05-17 18:00:00+00:00,CRaTER-D1D2
2018-05-17 18:00:00+00:00,2018-05-18 00:00:00+00:00,11.766597222222222,0.2762010196927606,6,1,[],0,2018-05-17 05:30:00+00:00,2018-05-17 17:30:00+00:00,12,/home/daisysong/2024-HL-Virtual-Dosimeter/data/radlab-private/data_tables/readings_table/per_instrument_padded/CRaTER-D1D2_readings_padded.csv,CRaTER-D1D2_2018-05-17 18:00:00+00:00_2018-05-18 00:00:00+00:00,CRaTER-D1D2
2018-05-18 00:00:00+00:00,2018-05-18 06:00:00+00:00,11.991180555555557,0.23131510803500682,6,1,[],0,2018-05-17 11:30:00+00:00,2018-05-17 23:30:00+00:00,12,/home/daisysong/2024-HL-Virtual-Dosimeter/data/radlab-private/data_tables/readings_table/per_instrument_padded/CRaTER-D1D2_readings_padded.csv,CRaTER-D1D2_2018-05-18 00:00:00+00:00_2018-05-18 06:00:00+00:00,CRaTER-D1D2
2018-05-18 06:00:00+00:00,2018-05-18 12:00:00+00:00,11.757500000000002,0.4393622403447303,6,1,[],0,2018-05-17 17:30:00+00:00,2018-05-18 05:30:00+00:00,12,/home/daisysong/2024-HL-Virtual-Dosimeter/data/radlab-private/data_tables/readings_table/per_instrument_padded/CRaTER-D1D2_readings_padded.csv,CRaTER-D1D2_2018-05-18 06:00:00+00:00_2018-05-18 12:00:00+00:00,CRaTER-D1D2
2018-05-18 12:00:00+00:00,2018-05-18 18:00:00+00:00,12.007222222222223,0.42124846594584553,6,1,[],0,2018-05-17 23:30:00+00:00,2018-05-18 11:30:00+00:00,12,/home/daisysong/2024-HL-Virtual-Dosimeter/data/radlab-private/data_tables/readings_table/per_instrument_padded/CRaTER-D1D2_readings_padded.csv,CRaTER-D1D2_2018-05-18 12:00:00+00:00_2018-05-18 18:00:00+00:00,CRaTER-D1D2
2018-05-18 18:00:00+00:00,2018-05-19 00:00:00+00:00,12.225277777777778,0.3232661788318468,6,1,[],0,2018-05-18 05:30:00+00:00,2018-05-18 17:30:00+00:00,12,/home/daisysong/2024-HL-Virtual-Dosimeter/data/radlab-private/data_tables/readings_table/per_instrument_padded/CRaTER-D1D2_readings_padded.csv,CRaTER-D1D2_2018-05-18 18:00:00+00:00_2018-05-19 00:00:00+00:00,CRaTER-D1D2
2018-05-19 00:00:00+00:00,2018-05-19 06:00:00+00:00,12.352708333333334,0.5700296324128271,6,1,[],0,2018-05-18 11:30:00+00:00,2018-05-18 23:30:00+00:00,12,/home/daisysong/2024-HL-Virtual-Dosimeter/data/radlab-private/data_tables/readings_table/per_instrument_padded/CRaTER-D1D2_readings_padded.csv,CRaTER-D1D2_2018-05-19 00:00:00+00:00_2018-05-19 06:00:00+00:00,CRaTER-D1D2
2018-05-19 06:00:00+00:00,2018-05-19 12:00:00+00:00,11.917638888888888,0.2508582105911383,6,1,[],0,2018-05-18 17:30:00+00:00,2018-05-19 05:30:00+00:00,12,/home/daisysong/2024-HL-Virtual-Dosimeter/data/radlab-private/data_tables/readings_table/per_instrument_padded/CRaTER-D1D2_readings_padded.csv,CRaTER-D1D2_2018-05-19 06:00:00+00:00_2018-05-19 12:00:00+00:00,CRaTER-D1D2
2018-05-19 12:00:00+00:00,2018-05-19 18:00:00+00:00,11.850277777777778,0.28728279503128507,6,1,[],0,2018-05-18 23:30:00+00:00,2018-05-19 11:30:00+00:00,12,/home/daisysong/2024-HL-Virtual-Dosimeter/data/radlab-private/data_tables/readings_table/per_instrument_padded/CRaTER-D1D2_readings_padded.csv,CRaTER-D1D2_2018-05-19 12:00:00+00:00_2018-05-19 18:00:00+00:00,CRaTER-D1D2
2018-05-19 18:00:00+00:00,2018-05-20 00:00:00+00:00,12.34423611111111,0.371047333435629,6,1,[],0,2018-05-19 05:30:00+00:00,2018-05-19 17:30:00+00:00,12,/home/daisysong/2024-HL-Virtual-Dosimeter/data/radlab-private/data_tables/readings_table/per_instrument_padded/CRaTER-D1D2_readings_padded.csv,CRaTER-D1D2_2018-05-19 18:00:00+00:00_2018-05-20 00:00:00+00:00,CRaTER-D1D2
2018-05-20 00:00:00+00:00,2018-05-20 06:00:00+00:00,12.404097222222221,0.5487455926944131,6,1,[],0,2018-05-19 11:30:00+00:00,2018-05-19 23:30:00+00:00,12,/home/daisysong/2024-HL-Virtual-Dosimeter/data/radlab-private/data_tables/readings_table/per_instrument_padded/CRaTER-D1D2_readings_padded.csv,CRaTER-D1D2_2018-05-20 00:00:00+00:00_2018-05-20 06:00:00+00:00,CRaTER-D1D2
2018-05-20 06:00:00+00:00,2018-05-20 12:00:00+00:00,12.17875,0.48386351429195673,6,1,[],0,2018-05-19 17:30:00+00:00,2018-05-20 05:30:00+00:00,12,/home/daisysong/2024-HL-Virtual-Dosimeter/data/radlab-private/data_tables/readings_table/per_instrument_padded/CRaTER-D1D2_readings_padded.csv,CRaTER-D1D2_2018-05-20 06:00:00+00:00_2018-05-20 12:00:00+00:00,CRaTER-D1D2
2018-05-20 12:00:00+00:00,2018-05-20 18:00:00+00:00,12.2725,0.2338323037911913,6,1,[],0,2018-05-19 23:30:00+00:00,2018-05-20 11:30:00+00:00,12,/home/daisysong/2024-HL-Virtual-Dosimeter/data/radlab-private/data_tables/readings_table/per_instrument_padded/CRaTER-D1D2_readings_padded.csv,CRaTER-D1D2_2018-05-20 12:00:00+00:00_2018-05-20 18:00:00+00:00,CRaTER-D1D2
2018-05-20 18:00:00+00:00,2018-05-21 00:00:00+00:00,12.184166666666668,0.47937936100677075,6,1,[],0,2018-05-20 05:30:00+00:00,2018-05-20 17:30:00+00:00,12,/home/daisysong/2024-HL-Virtual-Dosimeter/data/radlab-private/data_tables/readings_table/per_instrument_padded/CRaTER-D1D2_readings_padded.csv,CRaTER-D1D2_2018-05-20 18:00:00+00:00_2018-05-21 00:00:00+00:00,CRaTER-D1D2
2018-05-21 00:00:00+00:00,2018-05-21 06:00:00+00:00,12.062777777777777,0.2821364288888847,6,1,[],0,2018-05-20 11:30:00+00:00,2018-05-20 23:30:00+00:00,12,/home/daisysong/2024-HL-Virtual-Dosimeter/data/radlab-private/data_tables/readings_table/per_instrument_padded/CRaTER-D1D2_readings_padded.csv,CRaTER-D1D2_2018-05-21 00:00:00+00:00_2018-05-21 06:00:00+00:00,CRaTER-D1D2
2018-05-21 06:00:00+00:00,2018-05-21 12:00:00+00:00,12.042986111111112,0.4660238266258765,6,1,[],0,2018-05-20 17:30:00+00:00,2018-05-21 05:30:00+00:00,12,/home/daisysong/2024-HL-Virtual-Dosimeter/data/radlab-private/data_tables/readings_table/per_instrument_padded/CRaTER-D1D2_readings_padded.csv,CRaTER-D1D2_2018-05-21 06:00:00+00:00_2018-05-21 12:00:00+00:00,CRaTER-D1D2
2018-05-21 12:00:00+00:00,2018-05-21 18:00:00+00:00,12.366666666666669,0.33971427264252163,6,1,[],0,2018-05-20 23:30:00+00:00,2018-05-21 11:30:00+00:00,12,/home/daisysong/2024-HL-Virtual-Dosimeter/data/radlab-private/data_tables/readings_table/per_instrument_padded/CRaTER-D1D2_readings_padded.csv,CRaTER-D1D2_2018-05-21 12:00:00+00:00_2018-05-21 18:00:00+00:00,CRaTER-D1D2
2018-05-21 18:00:00+00:00,2018-05-22 00:00:00+00:00,12.127152777777779,0.3130865251983907,6,1,[],0,2018-05-21 05:30:00+00:00,2018-05-21 17:30:00+00:00,12,/home/daisysong/2024-HL-Virtual-Dosimeter/data/radlab-private/data_tables/readings_table/per_instrument_padded/CRaTER-D1D2_readings_padded.csv,CRaTER-D1D2_2018-05-21 18:00:00+00:00_2018-05-22 00:00:00+00:00,CRaTER-D1D2
2018-05-22 00:00:00+00:00,2018-05-22 06:00:00+00:00,12.26763888888889,0.484005020985843,6,1,[],0,2018-05-21 11:30:00+00:00,2018-05-21 23:30:00+00:00,12,/home/daisysong/2024-HL-Virtual-Dosimeter/data/radlab-private/data_tables/readings_table/per_instrument_padded/CRaTER-D1D2_readings_padded.csv,CRaTER-D1D2_2018-05-22 00:00:00+00:00_2018-05-22 06:00:00+00:00,CRaTER-D1D2
2018-05-22 06:00:00+00:00,2018-05-22 12:00:00+00:00,12.547916666666667,0.27800046629324093,6,1,[],0,2018-05-21 17:30:00+00:00,2018-05-22 05:30:00+00:00,12,/home/daisysong/2024-HL-Virtual-Dosimeter/data/radlab-private/data_tables/readings_table/per_instrument_padded/CRaTER-D1D2_readings_padded.csv,CRaTER-D1D2_2018-05-22 06:00:00+00:00_2018-05-22 12:00:00+00:00,CRaTER-D1D2
2018-05-22 12:00:00+00:00,2018-05-22 18:00:00+00:00,12.126458333333334,0.22492202223873758,6,1,[],0,2018-05-21 23:30:00+00:00,2018-05-22 11:30:00+00:00,12,/home/daisysong/2024-HL-Virtual-Dosimeter/data/radlab-private/data_tables/readings_table/per_instrument_padded/CRaTER-D1D2_readings_padded.csv,CRaTER-D1D2_2018-05-22 12:00:00+00:00_2018-05-22 18:00:00+00:00,CRaTER-D1D2
2018-05-22 18:00:00+00:00,2018-05-23 00:00:00+00:00,11.988819444444445,0.5139802705912938,6,1,[],0,2018-05-22 05:30:00+00:00,2018-05-22 17:30:00+00:00,12,/home/daisysong/2024-HL-Virtual-Dosimeter/data/radlab-private/data_tables/readings_table/per_instrument_padded/CRaTER-D1D2_readings_padded.csv,CRaTER-D1D2_2018-05-22 18:00:00+00:00_2018-05-23 00:00:00+00:00,CRaTER-D1D2
2018-05-23 00:00:00+00:00,2018-05-23 06:00:00+00:00,12.051319444444445,0.31638715887001473,6,1,[],0,2018-05-22 11:30:00+00:00,2018-05-22 23:30:00+00:00,12,/home/daisysong/2024-HL-Virtual-Dosimeter/data/radlab-private/data_tables/readings_table/per_instrument_padded/CRaTER-D1D2_readings_padded.csv,CRaTER-D1D2_2018-05-23 00:00:00+00:00_2018-05-23 06:00:00+00:00,CRaTER-D1D2
2018-05-23 06:00:00+00:00,2018-05-23 12:00:00+00:00,11.900138888888888,0.12309959708491781,6,1,[],0,2018-05-22 17:30:00+00:00,2018-05-23 05:30:00+00:00,12,/home/daisysong/2024-HL-Virtual-Dosimeter/data/radlab-private/data_tables/readings_table/per_instrument_padded/CRaTER-D1D2_readings_padded.csv,CRaTER-D1D2_2018-05-23 06:00:00+00:00_2018-05-23 12:00:00+00:00,CRaTER-D1D2
2018-05-23 12:00:00+00:00,2018-05-23 18:00:00+00:00,11.699444444444445,0.5885736184378176,6,1,[],0,2018-05-22 23:30:00+00:00,2018-05-23 11:30:00+00:00,12,/home/daisysong/2024-HL-Virtual-Dosimeter/data/radlab-private/data_tables/readings_table/per_instrument_padded/CRaTER-D1D2_readings_padded.csv,CRaTER-D1D2_2018-05-23 12:00:00+00:00_2018-05-23 18:00:00+00:00,CRaTER-D1D2
2018-05-23 18:00:00+00:00,2018-05-24 00:00:00+00:00,11.960972222222223,0.2339197327247626,6,1,[],0,2018-05-23 05:30:00+00:00,2018-05-23 17:30:00+00:00,12,/home/daisysong/2024-HL-Virtual-Dosimeter/data/radlab-private/data_tables/readings_table/per_instrument_padded/CRaTER-D1D2_readings_padded.csv,CRaTER-D1D2_2018-05-23 18:00:00+00:00_2018-05-24 00:00:00+00:00,CRaTER-D1D2
2018-05-24 00:00:00+00:00,2018-05-24 06:00:00+00:00,11.654097222222225,0.3491268388073552,6,1,[],0,2018-05-23 11:30:00+00:00,2018-05-23 23:30:00+00:00,12,/home/daisysong/2024-HL-Virtual-Dosimeter/data/radlab-private/data_tables/readings_table/per_instrument_padded/CRaTER-D1D2_readings_padded.csv,CRaTER-D1D2_2018-05-24 00:00:00+00:00_2018-05-24 06:00:00+00:00,CRaTER-D1D2
2018-05-24 06:00:00+00:00,2018-05-24 12:00:00+00:00,12.085416666666669,0.421469884364145,6,1,[],0,2018-05-23 17:30:00+00:00,2018-05-24 05:30:00+00:00,12,/home/daisysong/2024-HL-Virtual-Dosimeter/data/radlab-private/data_tables/readings_table/per_instrument_padded/CRaTER-D1D2_readings_padded.csv,CRaTER-D1D2_2018-05-24 06:00:00+00:00_2018-05-24 12:00:00+00:00,CRaTER-D1D2
2018-05-24 12:00:00+00:00,2018-05-24 18:00:00+00:00,11.913611111111111,0.20076887316538602,6,1,[],0,2018-05-23 23:30:00+00:00,2018-05-24 11:30:00+00:00,12,/home/daisysong/2024-HL-Virtual-Dosimeter/data/radlab-private/data_tables/readings_table/per_instrument_padded/CRaTER-D1D2_readings_padded.csv,CRaTER-D1D2_2018-05-24 12:00:00+00:00_2018-05-24 18:00:00+00:00,CRaTER-D1D2
2018-05-24 18:00:00+00:00,2018-05-25 00:00:00+00:00,11.981944444444446,0.35142135884236975,6,1,[],0,2018-05-24 05:30:00+00:00,2018-05-24 17:30:00+00:00,12,/home/daisysong/2024-HL-Virtual-Dosimeter/data/radlab-private/data_tables/readings_table/per_instrument_padded/CRaTER-D1D2_readings_padded.csv,CRaTER-D1D2_2018-05-24 18:00:00+00:00_2018-05-25 00:00:00+00:00,CRaTER-D1D2
2018-05-25 00:00:00+00:00,2018-05-25 06:00:00+00:00,12.10923611111111,0.4225861746893534,6,1,[],0,2018-05-24 11:30:00+00:00,2018-05-24 23:30:00+00:00,12,/home/daisysong/2024-HL-Virtual-Dosimeter/data/radlab-private/data_tables/readings_table/per_instrument_padded/CRaTER-D1D2_readings_padded.csv,CRaTER-D1D2_2018-05-25 00:00:00+00:00_2018-05-25 06:00:00+00:00,CRaTER-D1D2
2018-05-25 06:00:00+00:00,2018-05-25 12:00:00+00:00,12.248472222222224,0.3469478082302906,6,1,[],0,2018-05-24 17:30:00+00:00,2018-05-25 05:30:00+00:00,12,/home/daisysong/2024-HL-Virtual-Dosimeter/data/radlab-private/data_tables/readings_table/per_instrument_padded/CRaTER-D1D2_readings_padded.csv,CRaTER-D1D2_2018-05-25 06:00:00+00:00_2018-05-25 12:00:00+00:00,CRaTER-D1D2
2018-05-25 12:00:00+00:00,2018-05-25 18:00:00+00:00,12.038541666666665,0.2782991028102678,6,1,[],0,2018-05-24 23:30:00+00:00,2018-05-25 11:30:00+00:00,12,/home/daisysong/2024-HL-Virtual-Dosimeter/data/radlab-private/data_tables/readings_table/per_instrument_padded/CRaTER-D1D2_readings_padded.csv,CRaTER-D1D2_2018-05-25 12:00:00+00:00_2018-05-25 18:00:00+00:00,CRaTER-D1D2
2018-05-25 18:00:00+00:00,2018-05-26 00:00:00+00:00,12.106944444444444,0.3574886415790367,6,1,[],0,2018-05-25 05:30:00+00:00,2018-05-25 17:30:00+00:00,12,/home/daisysong/2024-HL-Virtual-Dosimeter/data/radlab-private/data_tables/readings_table/per_instrument_padded/CRaTER-D1D2_readings_padded.csv,CRaTER-D1D2_2018-05-25 18:00:00+00:00_2018-05-26 00:00:00+00:00,CRaTER-D1D2
2018-05-26 00:00:00+00:00,2018-05-26 06:00:00+00:00,11.86277777777778,0.21032625487003356,6,1,[],0,2018-05-25 11:30:00+00:00,2018-05-25 23:30:00+00:00,12,/home/daisysong/2024-HL-Virtual-Dosimeter/data/radlab-private/data_tables/readings_table/per_instrument_padded/CRaTER-D1D2_readings_padded.csv,CRaTER-D1D2_2018-05-26 00:00:00+00:00_2018-05-26 06:00:00+00:00,CRaTER-D1D2
2018-05-26 06:00:00+00:00,2018-05-26 12:00:00+00:00,11.815763888888888,0.44688857572403284,6,1,[],0,2018-05-25 17:30:00+00:00,2018-05-26 05:30:00+00:00,12,/home/daisysong/2024-HL-Virtual-Dosimeter/data/radlab-private/data_tables/readings_table/per_instrument_padded/CRaTER-D1D2_readings_padded.csv,CRaTER-D1D2_2018-05-26 06:00:00+00:00_2018-05-26 12:00:00+00:00,CRaTER-D1D2
2018-05-26 12:00:00+00:00,2018-05-26 18:00:00+00:00,11.871041666666668,0.3709788065163015,6,1,[],0,2018-05-25 23:30:00+00:00,2018-05-26 11:30:00+00:00,12,/home/daisysong/2024-HL-Virtual-Dosimeter/data/radlab-private/data_tables/readings_table/per_instrument_padded/CRaTER-D1D2_readings_padded.csv,CRaTER-D1D2_2018-05-26 12:00:00+00:00_2018-05-26 18:00:00+00:00,CRaTER-D1D2
2018-05-26 18:00:00+00:00,2018-05-27 00:00:00+00:00,11.863333333333335,0.4192038723271456,6,1,[],0,2018-05-26 05:30:00+00:00,2018-05-26 17:30:00+00:00,12,/home/daisysong/2024-HL-Virtual-Dosimeter/data/radlab-private/data_tables/readings_table/per_instrument_padded/CRaTER-D1D2_readings_padded.csv,CRaTER-D1D2_2018-05-26 18:00:00+00:00_2018-05-27 00:00:00+00:00,CRaTER-D1D2
2018-05-27 00:00:00+00:00,2018-05-27 06:00:00+00:00,12.159166666666666,0.4532949713139549,6,1,[],0,2018-05-26 11:30:00+00:00,2018-05-26 23:30:00+00:00,12,/home/daisysong/2024-HL-Virtual-Dosimeter/data/radlab-private/data_tables/readings_table/per_instrument_padded/CRaTER-D1D2_readings_padded.csv,CRaTER-D1D2_2018-05-27 00:00:00+00:00_2018-05-27 06:00:00+00:00,CRaTER-D1D2
2018-05-27 06:00:00+00:00,2018-05-27 12:00:00+00:00,12.222708333333332,0.26327011701651376,6,1,[],0,2018-05-26 17:30:00+00:00,2018-05-27 05:30:00+00:00,12,/home/daisysong/2024-HL-Virtual-Dosimeter/data/radlab-private/data_tables/readings_table/per_instrument_padded/CRaTER-D1D2_readings_padded.csv,CRaTER-D1D2_2018-05-27 06:00:00+00:00_2018-05-27 12:00:00+00:00,CRaTER-D1D2
2018-05-27 12:00:00+00:00,2018-05-27 18:00:00+00:00,11.984027777777778,0.24566115282268988,6,1,[],0,2018-05-26 23:30:00+00:00,2018-05-27 11:30:00+00:00,12,/home/daisysong/2024-HL-Virtual-Dosimeter/data/radlab-private/data_tables/readings_table/per_instrument_padded/CRaTER-D1D2_readings_padded.csv,CRaTER-D1D2_2018-05-27 12:00:00+00:00_2018-05-27 18:00:00+00:00,CRaTER-D1D2
2018-05-27 18:00:00+00:00,2018-05-28 00:00:00+00:00,11.913611111111111,0.21502727360746973,6,1,[],0,2018-05-27 05:30:00+00:00,2018-05-27 17:30:00+00:00,12,/home/daisysong/2024-HL-Virtual-Dosimeter/data/radlab-private/data_tables/readings_table/per_instrument_padded/CRaTER-D1D2_readings_padded.csv,CRaTER-D1D2_2018-05-27 18:00:00+00:00_2018-05-28 00:00:00+00:00,CRaTER-D1D2
2018-05-28 00:00:00+00:00,2018-05-28 06:00:00+00:00,11.981041666666668,0.35167495629381845,6,1,[],0,2018-05-27 11:30:00+00:00,2018-05-27 23:30:00+00:00,12,/home/daisysong/2024-HL-Virtual-Dosimeter/data/radlab-private/data_tables/readings_table/per_instrument_padded/CRaTER-D1D2_readings_padded.csv,CRaTER-D1D2_2018-05-28 00:00:00+00:00_2018-05-28 06:00:00+00:00,CRaTER-D1D2
2018-05-28 06:00:00+00:00,2018-05-28 12:00:00+00:00,12.112222222222224,0.40019336086477847,6,1,[],0,2018-05-27 17:30:00+00:00,2018-05-28 05:30:00+00:00,12,/home/daisysong/2024-HL-Virtual-Dosimeter/data/radlab-private/data_tables/readings_table/per_instrument_padded/CRaTER-D1D2_readings_padded.csv,CRaTER-D1D2_2018-05-28 06:00:00+00:00_2018-05-28 12:00:00+00:00,CRaTER-D1D2
2018-05-28 12:00:00+00:00,2018-05-28 18:00:00+00:00,12.183819444444445,0.5424447091995457,6,1,[],0,2018-05-27 23:30:00+00:00,2018-05-28 11:30:00+00:00,12,/home/daisysong/2024-HL-Virtual-Dosimeter/data/radlab-private/data_tables/readings_table/per_instrument_padded/CRaTER-D1D2_readings_padded.csv,CRaTER-D1D2_2018-05-28 12:00:00+00:00_2018-05-28 18:00:00+00:00,CRaTER-D1D2
2018-05-28 18:00:00+00:00,2018-05-29 00:00:00+00:00,12.043055555555556,0.40933781402119934,6,1,[],0,2018-05-28 05:30:00+00:00,2018-05-28 17:30:00+00:00,12,/home/daisysong/2024-HL-Virtual-Dosimeter/data/radlab-private/data_tables/readings_table/per_instrument_padded/CRaTER-D1D2_readings_padded.csv,CRaTER-D1D2_2018-05-28 18:00:00+00:00_2018-05-29 00:00:00+00:00,CRaTER-D1D2
2018-05-29 00:00:00+00:00,2018-05-29 06:00:00+00:00,12.135,0.39811978527313335,6,1,[],0,2018-05-28 11:30:00+00:00,2018-05-28 23:30:00+00:00,12,/home/daisysong/2024-HL-Virtual-Dosimeter/data/radlab-private/data_tables/readings_table/per_instrument_padded/CRaTER-D1D2_readings_padded.csv,CRaTER-D1D2_2018-05-29 00:00:00+00:00_2018-05-29 06:00:00+00:00,CRaTER-D1D2
2018-05-29 06:00:00+00:00,2018-05-29 12:00:00+00:00,12.155625,0.42333270108767335,6,1,[],0,2018-05-28 17:30:00+00:00,2018-05-29 05:30:00+00:00,12,/home/daisysong/2024-HL-Virtual-Dosimeter/data/radlab-private/data_tables/readings_table/per_instrument_padded/CRaTER-D1D2_readings_padded.csv,CRaTER-D1D2_2018-05-29 06:00:00+00:00_2018-05-29 12:00:00+00:00,CRaTER-D1D2
2018-05-29 12:00:00+00:00,2018-05-29 18:00:00+00:00,11.963958333333332,0.3731839320046905,6,1,[],0,2018-05-28 23:30:00+00:00,2018-05-29 11:30:00+00:00,12,/home/daisysong/2024-HL-Virtual-Dosimeter/data/radlab-private/data_tables/readings_table/per_instrument_padded/CRaTER-D1D2_readings_padded.csv,CRaTER-D1D2_2018-05-29 12:00:00+00:00_2018-05-29 18:00:00+00:00,CRaTER-D1D2
2018-05-29 18:00:00+00:00,2018-05-30 00:00:00+00:00,12.117291666666667,0.19132105766611657,6,1,[],0,2018-05-29 05:30:00+00:00,2018-05-29 17:30:00+00:00,12,/home/daisysong/2024-HL-Virtual-Dosimeter/data/radlab-private/data_tables/readings_table/per_instrument_padded/CRaTER-D1D2_readings_padded.csv,CRaTER-D1D2_2018-05-29 18:00:00+00:00_2018-05-30 00:00:00+00:00,CRaTER-D1D2
2018-05-30 00:00:00+00:00,2018-05-30 06:00:00+00:00,12.197847222222222,0.628648214308603,6,1,[],0,2018-05-29 11:30:00+00:00,2018-05-29 23:30:00+00:00,12,/home/daisysong/2024-HL-Virtual-Dosimeter/data/radlab-private/data_tables/readings_table/per_instrument_padded/CRaTER-D1D2_readings_padded.csv,CRaTER-D1D2_2018-05-30 00:00:00+00:00_2018-05-30 06:00:00+00:00,CRaTER-D1D2
2018-05-30 06:00:00+00:00,2018-05-30 12:00:00+00:00,12.17138888888889,0.5403231022119541,6,1,[],0,2018-05-29 17:30:00+00:00,2018-05-30 05:30:00+00:00,12,/home/daisysong/2024-HL-Virtual-Dosimeter/data/radlab-private/data_tables/readings_table/per_instrument_padded/CRaTER-D1D2_readings_padded.csv,CRaTER-D1D2_2018-05-30 06:00:00+00:00_2018-05-30 12:00:00+00:00,CRaTER-D1D2
2018-05-30 12:00:00+00:00,2018-05-30 18:00:00+00:00,12.410069444444446,0.6119953711408602,6,1,[],0,2018-05-29 23:30:00+00:00,2018-05-30 11:30:00+00:00,12,/home/daisysong/2024-HL-Virtual-Dosimeter/data/radlab-private/data_tables/readings_table/per_instrument_padded/CRaTER-D1D2_readings_padded.csv,CRaTER-D1D2_2018-05-30 12:00:00+00:00_2018-05-30 18:00:00+00:00,CRaTER-D1D2
2018-05-30 18:00:00+00:00,2018-05-31 00:00:00+00:00,12.350694444444445,0.4707545206079695,6,1,[],0,2018-05-30 05:30:00+00:00,2018-05-30 17:30:00+00:00,12,/home/daisysong/2024-HL-Virtual-Dosimeter/data/radlab-private/data_tables/readings_table/per_instrument_padded/CRaTER-D1D2_readings_padded.csv,CRaTER-D1D2_2018-05-30 18:00:00+00:00_2018-05-31 00:00:00+00:00,CRaTER-D1D2
2018-05-31 00:00:00+00:00,2018-05-31 06:00:00+00:00,12.808333333333334,0.0,1,1,[],0,2018-05-30 11:30:00+00:00,2018-05-30 23:30:00+00:00,12,/home/daisysong/2024-HL-Virtual-Dosimeter/data/radlab-private/data_tables/readings_table/per_instrument_padded/CRaTER-D1D2_readings_padded.csv,CRaTER-D1D2_2018-05-31 00:00:00+00:00_2018-05-31 06:00:00+00:00,CRaTER-D1D2
